{"c": [0.5, 0.5, 0.5, 0.5, 0.5, 0.5, 0.5, 0.5, 0.5, 1.0, 1.0, 1.0, 1.0, 1.0, 1.0, 1.0, 1.0, 1.0, 2.0, 2.0, 2.0, 2.0, 2.0, 2.0, 2.0, 2.0, 2.0, 5.0, 5.0, 5.0, 5.0, 5.0, 5.0, 5.0, 5.0, 5.0], "min_sv": [0.1, 0.1, 0.1, 0.1, 0.1, 0.1, 0.1, 0.1, 0.1, 0.1, 0.1, 0.1, 0.1, 0.1, 0.1, 0.1, 0.1, 0.1, 0.1, 0.1, 0.1, 0.1, 0.1, 0.1, 0.1, 0.1, 0.1, 0.1, 0.1, 0.1, 0.1, 0.1, 0.1, 0.1, 0.1, 0.1], "n": [4, 4, 4, 6, 6, 6, 7, 7, 7, 4, 4, 4, 6, 6, 6, 7, 7, 7, 4, 4, 4, 6, 6, 6, 7, 7, 7, 4, 4, 4, 6, 6, 6, 7, 7, 7], "accuracy": [0.615, 0.5969444444444445, 0.5950000000000001, 0.6269444444444444, 0.6288888888888889, 0.6372222222222222, 0.6344444444444445, 0.6280555555555555, 0.6266666666666666, 0.6124999999999999, 0.6124999999999999, 0.6111111111111112, 0.6275, 0.6244444444444445, 0.6333333333333334, 0.6369444444444444, 0.6283333333333333, 0.6244444444444445, 0.6055555555555556, 0.6036111111111111, 0.61, 0.6188888888888888, 0.6152777777777777, 0.615, 0.6288888888888889, 0.6308333333333332, 0.6258333333333334, 0.5958333333333333, 0.6102777777777778, 0.6119444444444445, 0.6108333333333335, 0.6102777777777778, 0.6255555555555555, 0.6194444444444445, 0.6230555555555556, 0.6202777777777778], "m": [1, 2, 3, 1, 2, 3, 1, 2, 3, 1, 2, 3, 1, 2, 3, 1, 2, 3, 1, 2, 3, 1, 2, 3, 1, 2, 3, 1, 2, 3, 1, 2, 3, 1, 2, 3]}