{"c": [0.5, 0.5, 0.5, 0.5, 0.5, 0.5, 0.5, 0.5, 0.5, 1.0, 1.0, 1.0, 1.0, 1.0, 1.0, 1.0, 1.0, 1.0, 2.0, 2.0, 2.0, 2.0, 2.0, 2.0, 2.0, 2.0, 2.0], "min_sv": [0.1, 0.1, 0.1, 0.1, 0.1, 0.1, 0.1, 0.1, 0.1, 0.1, 0.1, 0.1, 0.1, 0.1, 0.1, 0.1, 0.1, 0.1, 0.1, 0.1, 0.1, 0.1, 0.1, 0.1, 0.1, 0.1, 0.1], "n": [4, 4, 4, 6, 6, 6, 7, 7, 7, 4, 4, 4, 6, 6, 6, 7, 7, 7, 4, 4, 4, 6, 6, 6, 7, 7, 7], "accuracy": [0.5708333333333333, 0.5750000000000001, 0.5836111111111112, 0.6172222222222222, 0.6175, 0.6213888888888889, 0.6177777777777779, 0.6213888888888889, 0.6269444444444444, 0.5775, 0.5780555555555554, 0.5747222222222222, 0.6202777777777778, 0.6186111111111111, 0.6097222222222222, 0.6080555555555556, 0.6186111111111111, 0.6116666666666667, 0.5852777777777778, 0.57, 0.5747222222222222, 0.6230555555555556, 0.6322222222222222, 0.6233333333333333, 0.6230555555555556, 0.6247222222222223, 0.6091666666666666], "m": [1, 2, 3, 1, 2, 3, 1, 2, 3, 1, 2, 3, 1, 2, 3, 1, 2, 3, 1, 2, 3, 1, 2, 3, 1, 2, 3]}