{"c": [1.0, 1.0, 1.0, 1.0, 1.0, 1.0, 1.0, 1.0, 1.0, 1.0, 1.0, 1.0, 0.5, 0.5, 0.5, 0.5, 0.5, 0.5, 0.5, 0.5, 0.5, 0.5, 0.5, 0.5, 0.2, 0.2, 0.2, 0.2, 0.2, 0.2, 0.2, 0.2, 0.2, 0.2, 0.2, 0.2, 0.01, 0.01, 0.01, 0.01, 0.01, 0.01, 0.01, 0.01, 0.01, 0.01, 0.01, 0.01], "min_sv": [0.1, 0.1, 0.1, 0.1, 0.001, 0.001, 0.001, 0.001, 0.0001, 0.0001, 0.0001, 0.0001, 0.1, 0.1, 0.1, 0.1, 0.001, 0.001, 0.001, 0.001, 0.0001, 0.0001, 0.0001, 0.0001, 0.1, 0.1, 0.1, 0.1, 0.001, 0.001, 0.001, 0.001, 0.0001, 0.0001, 0.0001, 0.0001, 0.1, 0.1, 0.1, 0.1, 0.001, 0.001, 0.001, 0.001, 0.0001, 0.0001, 0.0001, 0.0001], "n": [3, 4, 5, 7, 3, 4, 5, 7, 3, 4, 5, 7, 3, 4, 5, 7, 3, 4, 5, 7, 3, 4, 5, 7, 3, 4, 5, 7, 3, 4, 5, 7, 3, 4, 5, 7, 3, 4, 5, 7, 3, 4, 5, 7, 3, 4, 5, 7], "accuracy": [0.6066666666666667, 0.6033333333333334, 0.645, 0.6266666666666667, 0.6116666666666667, 0.61, 0.645, 0.6266666666666667, 0.6116666666666667, 0.61, 0.645, 0.6266666666666667, 0.6, 0.61, 0.6466666666666666, 0.6466666666666666, 0.6033333333333334, 0.61, 0.6416666666666667, 0.6466666666666666, 0.6033333333333334, 0.61, 0.6416666666666667, 0.6466666666666666, 0.6133333333333333, 0.605, 0.6266666666666667, 0.6616666666666666, 0.605, 0.6166666666666667, 0.6316666666666667, 0.6583333333333333, 0.605, 0.6166666666666667, 0.6316666666666667, 0.6583333333333333, 0.48333333333333334, 0.48333333333333334, 0.48333333333333334, 0.48333333333333334, 0.5516666666666666, 0.5683333333333334, 0.5883333333333334, 0.605, 0.5516666666666666, 0.57, 0.59, 0.6083333333333333]}