{"c": [0.5, 1.0, 2.0, 5.0], "min_sv": [0.1, 0.1, 0.1, 0.1], "accuracy": [0.5575, 0.5630555555555555, 0.5652777777777778, 0.5772222222222222]}