{"c": [1.0, 1.0, 1.0, 1.0, 2.0, 2.0, 2.0, 2.0, 0.1, 0.1, 0.1, 0.1, 0.5, 0.5, 0.5, 0.5], "min_sv": [0.1, 0.1, 0.1, 0.1, 0.1, 0.1, 0.1, 0.1, 0.1, 0.1, 0.1, 0.1, 0.1, 0.1, 0.1, 0.1], "gamma": [100.0, 10.0, 5.0, 1.0, 100.0, 10.0, 5.0, 1.0, 100.0, 10.0, 5.0, 1.0, 100.0, 10.0, 5.0, 1.0], "accuracy": [0.616388888888889, 0.5847222222222221, 0.5730555555555555, 0.5722222222222222, 0.6277777777777778, 0.5869444444444445, 0.5833333333333334, 0.5697222222222221, 0.5061111111111111, 0.5058333333333334, 0.5094444444444445, 0.5136111111111111, 0.6102777777777778, 0.5766666666666667, 0.5813888888888888, 0.5708333333333333]}