{"c": [0.5, 0.5, 0.5, 0.5, 1.0, 1.0, 1.0, 1.0, 2.0, 2.0, 2.0, 2.0, 5.0, 5.0, 5.0, 5.0], "min_sv": [0.1, 0.1, 0.1, 0.1, 0.1, 0.1, 0.1, 0.1, 0.1, 0.1, 0.1, 0.1, 0.1, 0.1, 0.1, 0.1], "n": [2, 5, 6, 7, 2, 5, 6, 7, 2, 5, 6, 7, 2, 5, 6, 7], "accuracy": [0.5677777777777778, 0.6216666666666667, 0.6186111111111111, 0.6358333333333334, 0.57, 0.6172222222222222, 0.6319444444444444, 0.6305555555555555, 0.5691666666666667, 0.6219444444444444, 0.6261111111111112, 0.6230555555555556, 0.5708333333333334, 0.6233333333333334, 0.6136111111111111, 0.6230555555555556]}